{
  "version": "1.0",
  "defaultProvider": "unpkg",
  "libraries": [
    {
      "provider": "cdnjs",
      "library": "toastr.js@2.1.4",
      "destination": "wwwroot/lib/toastr.js/"
    },
    {
      "library": "@microsoft/signalr@5.0.0-preview.3.20215.14",
      "destination": "wwwroot/lib/signalr/",
      "files": [
        "dist/browser/signalr.js",
        "dist/browser/signalr.js.map",
        "dist/browser/signalr.min.js",
        "dist/browser/signalr.min.js.map"
      ]
    }
  ]
}